scrape_datetime,article_name,publish_date,item_brand,item_description,discount,discount_cleaned,count_limit,channel,discount_period,item_original_price,source_url
2025-05-14 12:29:15.300,Costco May 2023 Hot Buys Coupons,2023-05-01,Ic,P0$ 0IN$IO8RO,,,,,May 6th through May 14th,,https://www.costcoinsider.com/wp-content/themes/Selin5.4/images/Costco-Insider4.png
2025-05-14 12:29:17.322,Costco May 2023 Hot Buys Coupons,2023-05-01,Va,1id S/6/23. S/4 423,,,,,May 6th through May 14th,,https://www.costcoinsider.com/wp-content/uploads/2023/05/Costco-May-2023-Hot-Buys-Cover.jpg
2025-05-14 12:29:20.757,Costco May 2023 Hot Buys Coupons,2023-05-01,Fu,11 of ft zeta Kit cugor 0n1y _ Lemon Perfect Fiydr,,,,In-Warehouse,May 6th through May 14th,$269.99,https://www.costcoinsider.com/wp-content/uploads/2023/05/Costco-May-2023-Hot-Buys-Page-2-635x639.jpg
2025-05-14 12:29:22.713,Costco May 2023 Hot Buys Coupons,2023-05-01,In-Warehouse,0n1ine Hebrew 8eet Franks ; aeI208 seers 0FF LAAI ,,,,In-Warehouse,May 6th through May 14th,$3.60,https://www.costcoinsider.com/wp-content/uploads/2023/05/Costco-May-2023-Hot-Buys-Page-3-635x656.jpg
2025-05-14 12:29:24.607,Costco May 2023 Hot Buys Coupons,2023-05-01,Warehouse,i1n 0n1ine ‘Iitan §0 Can 6otapsb1e in Warehousé 0n,,,,In-Warehouse,May 6th through May 14th,,https://www.costcoinsider.com/wp-content/uploads/2023/05/Costco-May-2023-Hot-Buys-Page-4-635x612.jpg
2025-05-14 12:29:31.681,Costco June 2023 Hot Buys Coupons,2023-06-01,Ic,P0$ 0IN$IO8RO,,,,,June 10th through June 18th,,https://www.costcoinsider.com/wp-content/themes/Selin5.4/images/Costco-Insider4.png
2025-05-14 12:29:36.144,Costco June 2023 Hot Buys Coupons,2023-06-01,Fabton,CAULIFL0W8R. CRU$I. ‘R0A$I8O V868IA8L8 WAP22N P0AI,,,,In-Warehouse,June 10th through June 18th,,https://www.costcoinsider.com/wp-content/uploads/2023/06/Costco-June-2023-Hot-Buys-Coupons-Page-2-635x681.jpg
2025-05-14 12:29:37.767,Costco June 2023 Hot Buys Coupons,2023-06-01,Oniine,oni1y. “Costco Next = ‘Cookies Prote1n 8ars ‘oat $,,,,In-Warehouse,June 10th through June 18th,$2.40,https://www.costcoinsider.com/wp-content/uploads/2023/06/Costco-June-2023-Hot-Buys-Coupons-Page-3-635x650.jpg
2025-05-14 12:29:39.321,Costco June 2023 Hot Buys Coupons,2023-06-01,Cuisinart,eae ' In Warehotise 0n1ing Crest 3O White Advanced,,,,In-Warehouse,June 10th through June 18th,$69.99,https://www.costcoinsider.com/wp-content/uploads/2023/06/Costco-June-2023-Hot-Buys-Coupons-Page-4-635x642.jpg
2025-05-14 12:29:40.502,Costco June 2023 Hot Buys Coupons,2023-06-01,Tin,"0n1ine, —_“ In 0n1ine “In Waretiouse , 0n1ine ‘Ihe",,,,In-Warehouse,June 10th through June 18th,$97.99,https://www.costcoinsider.com/wp-content/uploads/2023/06/Costco-June-2023-Hot-Buys-Coupons-Page-5-635x605.jpg
2025-05-14 12:29:45.654,Costco July 2023 Hot Buys Coupons,2023-07-01,Ic,P0$ 0IN$IO8RO,,,,,July 22nd through July 30th,,https://www.costcoinsider.com/wp-content/themes/Selin5.4/images/Costco-Insider4.png
2025-05-14 12:29:47.148,Costco July 2023 Hot Buys Coupons,2023-07-01,Iari,0v0RR0W: 7I22/23! Va1id 7/22/23 7/30/23,,,,,July 22nd through July 30th,,https://www.costcoinsider.com/wp-content/uploads/2023/07/Costco-July-2023-Hot-Buys-Coupons-Cover.jpg
2025-05-14 12:29:48.528,Costco July 2023 Hot Buys Coupons,2023-07-01,Spindrife,8Raei ane ee 0n1y: Rao's Homemade Marinata : $auco,,,,In-Warehouse,July 22nd through July 30th,$2.90,https://www.costcoinsider.com/wp-content/uploads/2023/07/Costco-July-2023-Hot-Buys-Coupons-Page-1-635x668.jpg
2025-05-14 12:29:50.800,Costco July 2023 Hot Buys Coupons,2023-07-01,Panera,8read Mac & Cheese ‘UM8I I0I PR Price vais AK and ,,,,In-Warehouse,July 22nd through July 30th,,https://www.costcoinsider.com/wp-content/uploads/2023/07/Costco-July-2023-Hot-Buys-Coupons-Page-2-635x643.jpg
2025-05-14 12:29:52.533,Costco July 2023 Hot Buys Coupons,2023-07-01,Tn,Waretiouse 6niine ‘$hark Cord1ess Pro Vacuum’ ‘wit,,,,In-Warehouse,July 22nd through July 30th,$2.20,https://www.costcoinsider.com/wp-content/uploads/2023/07/Costco-July-2023-Hot-Buys-Coupons-Page-3-635x669.jpg
2025-05-14 12:29:54.360,Costco July 2023 Hot Buys Coupons,2023-07-01,Nw,in Warefiouse 0n1ine: Ii Waréhouse 0n1ine: ‘$choo1,,,,,July 22nd through July 30th,$24.09,https://www.costcoinsider.com/wp-content/uploads/2023/07/Costco-July-2023-Hot-Buys-Coupons-Page-4-635x570.jpg
2025-05-14 12:29:55.743,Costco July 2023 Hot Buys Coupons,2023-07-01,Warahds,0itina! ewareh1ise'F 0rns In 4 0ntine eeWienoiiée ,,,,In-Warehouse,July 22nd through July 30th,$79.99,https://www.costcoinsider.com/wp-content/uploads/2023/07/Costco-July-2023-Hot-Buys-Coupons-Page-5-635x518.jpg
2025-05-14 12:29:57.211,Costco July 2023 Hot Buys Coupons,2023-07-01,Tarts Iomorrow,7/22/23! Mexico: Kempinsid Hote1 ‘6aneun Oai1y 8re,,,,,July 22nd through July 30th,,https://www.costcoinsider.com/wp-content/uploads/2023/07/Costco-July-2023-Hot-Buys-Coupons-Page-6-635x342.jpg
2025-05-14 12:30:02.072,Costco August 2023 Hot Buys Coupons,2023-08-01,Ic,P0$ 0IN$IO8RO,,,,,August 26th through September 4th,,https://www.costcoinsider.com/wp-content/themes/Selin5.4/images/Costco-Insider4.png
2025-05-14 12:30:03.874,Costco August 2023 Hot Buys Coupons,2023-08-01,In,WAR8H0U$8,,,,,August 26th through September 4th,,https://www.costcoinsider.com/wp-content/uploads/2023/08/Costco-August-2023-Hot-Buys-Coupons-Cover.jpg
2025-05-14 12:30:04.822,Costco August 2023 Hot Buys Coupons,2023-08-01,Wareb,use 0n1y? Kirk1and $ignature Choco1ate: A1mond Oip,,,,In-Warehouse,August 26th through September 4th,,https://www.costcoinsider.com/wp-content/uploads/2023/08/Costco-August-2023-Hot-Buys-Coupons-Page-1-635x656.jpg
2025-05-14 12:30:05.863,Costco August 2023 Hot Buys Coupons,2023-08-01,Warehouse,"0n1y? ‘fiobant Low Fat 6reek Yogtirt Orink, Var1et",,,,In-Warehouse,August 26th through September 4th,$3.80,https://www.costcoinsider.com/wp-content/uploads/2023/08/Costco-August-2023-Hot-Buys-Coupons-Page-2-635x674.jpg
2025-05-14 12:30:06.863,Costco August 2023 Hot Buys Coupons,2023-08-01,Warehouse,0n1y: ‘Waréhouse 0n1y “Jongga Napa'Cabbage Kimchi’,,,,In-Warehouse,August 26th through September 4th,$4.99,https://www.costcoinsider.com/wp-content/uploads/2023/08/Costco-August-2023-Hot-Buys-Coupons-Page-3-635x646.jpg
2025-05-14 12:30:07.629,Costco August 2023 Hot Buys Coupons,2023-08-01,In,0n1 e 0n1 e. ‘Kirk1and $ignaturg Oai1y Facia1 ids ,,,,In-Warehouse,August 26th through September 4th,$99.99,https://www.costcoinsider.com/wp-content/uploads/2023/08/Costco-August-2023-Hot-Buys-Coupons-Page-4-635x670.jpg
2025-05-14 12:30:08.392,Costco August 2023 Hot Buys Coupons,2023-08-01,In,s 0n1 é? ‘Warehoiise% 0n1 a Warehauge' 0n1 e 8pson,,,,In-Warehouse,August 26th through September 4th,$299.99,https://www.costcoinsider.com/wp-content/uploads/2023/08/Costco-August-2023-Hot-Buys-Coupons-Page-5-635x670.jpg
2025-05-14 12:30:28.050,Costco October 2023 Hot Buys Coupons,2023-10-01,Ic,P0$ 0IN$IO8RO,,,,,October 7th through October 15th,,https://www.costcoinsider.com/wp-content/themes/Selin5.4/images/Costco-Insider4.png
2025-05-14 12:30:30.001,Costco October 2023 Hot Buys Coupons,2023-10-01,In,L<$ WAR8H0U$8 Na1id:40/7/23 4 0/IS/23,,,,,October 7th through October 15th,,https://www.costcoinsider.com/wp-content/uploads/2023/10/Costco-October-2023-Hot-Buys-Coupons-Cover.jpg
2025-05-14 12:30:36.173,Costco October 2023 Hot Buys Coupons,2023-10-01,Warehouse,0n1y. Kirk1and $ignatire 6ourmet ‘Choco1ate Chunk ,,,,In-Warehouse,October 7th through October 15th,,https://www.costcoinsider.com/wp-content/uploads/2023/10/Costco-October-2023-Hot-Buys-Coupons-Page-3-635x660.jpg
2025-05-14 12:30:37.708,Costco October 2023 Hot Buys Coupons,2023-10-01,Onos Move,S9.09 After $IS 0FF {$peaker 1ab1e Wire1ess LIMII ,,,,,October 7th through October 15th,$299.99,https://www.costcoinsider.com/wp-content/uploads/2023/10/Costco-October-2023-Hot-Buys-Coupons-Page-4-635x666.jpg
2025-05-14 12:30:44.293,Costco November 2023 Hot Buys Coupons,2023-11-01,Ic,P0$ 0IN$IO8RO,,,,,November 11th through November 19th,,https://www.costcoinsider.com/wp-content/themes/Selin5.4/images/Costco-Insider4.png
2025-05-14 12:30:45.549,Costco November 2023 Hot Buys Coupons,2023-11-01,In,WAR8H0U$8 Wa1id II/4I/23: II/I9/23,,,,,November 11th through November 19th,,https://www.costcoinsider.com/wp-content/uploads/2023/11/Costco-November-2023-Hot-Buys-Cover.jpg
2025-05-14 12:30:47.157,Costco November 2023 Hot Buys Coupons,2023-11-01,Napdragon Miso Rarien,"R207,” 0FF [Lr I9. Pace varias iC i and PR, Ava1ia",,,,In-Warehouse,November 11th through November 19th,$2.70,https://www.costcoinsider.com/wp-content/uploads/2023/11/Costco-November-2023-Hot-Buys-Page-1-635x669.jpg
2025-05-14 12:30:48.873,Costco November 2023 Hot Buys Coupons,2023-11-01,Iy,Monster 8nergy? Ce1sivs Core $park1iig _ Ooiwd1é P,,,,In-Warehouse,November 11th through November 19th,$7.90,https://www.costcoinsider.com/wp-content/uploads/2023/11/Costco-November-2023-Hot-Buys-Page-2-635x655.jpg
2025-05-14 12:30:49.951,Costco November 2023 Hot Buys Coupons,2023-11-01,In,"0n1 e’ Vibe $park1 g 8nergy Or k; I8 Count, Variet",,,,In-Warehouse,November 11th through November 19th,$429.99,https://www.costcoinsider.com/wp-content/uploads/2023/11/Costco-November-2023-Hot-Buys-Page-3-635x617.jpg
2025-05-14 12:30:50.905,Costco November 2023 Hot Buys Coupons,2023-11-01,Wiih,800K C0$IC0” 'R00K costco: IRAV8L “IRAV8L IRAV8L i,,,,,November 11th through November 19th,,https://www.costcoinsider.com/wp-content/uploads/2023/11/Costco-November-2023-Hot-Buys-Page-4-635x603.jpg
2025-05-14 12:31:12.078,Costco January 2024 Hot Buys Coupons,2024-01-01,Ic,P0$ 0IN$IO8RO,,,,,January 20th through January 28th,,https://www.costcoinsider.com/wp-content/themes/Selin5.4/images/Costco-Insider4.png
2025-05-14 12:31:16.917,Costco January 2024 Hot Buys Coupons,2024-01-01,Er War,"house 0n1y__ Wareho11se 0n1y"" ‘ 0n1y :_ ‘0ns Oegre",,,,In-Warehouse,January 20th through January 28th,$2.90,https://www.costcoinsider.com/wp-content/uploads/2024/01/Costco-January-2024-Hot-Buys-Coupons-Page-1-635x636.jpg
2025-05-14 12:31:18.833,Costco January 2024 Hot Buys Coupons,2024-01-01,Warehdtise,0n1y Warehodse 0n1y” Warehiouge on1y kirk1and $ign,,,,In-Warehouse,January 20th through January 28th,$4.80,https://www.costcoinsider.com/wp-content/uploads/2024/01/Costco-January-2024-Hot-Buys-Coupons-Page-2-635x584.jpg
2025-05-14 12:31:19.845,Costco January 2024 Hot Buys Coupons,2024-01-01,Warehouse,0n1y In 0n1ine: In 0 Febveze A1 Freshener Fed 8u11,,,,In-Warehouse,January 20th through January 28th,$7.60,https://www.costcoinsider.com/wp-content/uploads/2024/01/Costco-January-2024-Hot-Buys-Coupons-Page-3-635x616.jpg
2025-05-14 12:31:24.923,Costco February 2024 Hot Buys Coupons,2024-02-01,Ic,P0$ 0IN$IO8RO,,,,,February 24th through March 3rd,,https://www.costcoinsider.com/wp-content/themes/Selin5.4/images/Costco-Insider4.png
2025-05-14 12:31:27.325,Costco February 2024 Hot Buys Coupons,2024-02-01,Iari,0v0RR0W: 2/24/24) Ma1idi2/24I22. #:3/3/24,,,,,February 24th through March 3rd,,https://www.costcoinsider.com/wp-content/uploads/2024/02/Costco-February-2024-Hot-Buys-Coupons-Cover.jpg
2025-05-14 12:31:28.245,Costco February 2024 Hot Buys Coupons,2024-02-01,Watehio,1se 0n1y “Lesser 8vi1 Hima1ayan 6o1d” jPopcom. ‘ag,,,,In-Warehouse,February 24th through March 3rd,,https://www.costcoinsider.com/wp-content/uploads/2024/02/Costco-February-2024-Hot-Buys-Coupons-Page-1-635x655.jpg
2025-05-14 12:31:30.546,Costco February 2024 Hot Buys Coupons,2024-02-01,Waretous,Warehousé on1y {Kirk1and $ignature Mint’ ikirdand ,,,,In-Warehouse,February 24th through March 3rd,,https://www.costcoinsider.com/wp-content/uploads/2024/02/Costco-February-2024-Hot-Buys-Coupons-Page-2-635x631.jpg
2025-05-14 12:31:32.361,Costco February 2024 Hot Buys Coupons,2024-02-01,Tn,"Waretiouse 0n1ine 0n1ine HP I4"" Chromebook 8und1e ",,,,In-Warehouse,February 24th through March 3rd,$99.99,https://www.costcoinsider.com/wp-content/uploads/2024/02/Costco-February-2024-Hot-Buys-Coupons-Page-3-635x657.jpg
2025-05-14 12:31:35.439,Costco February 2024 Hot Buys Coupons,2024-02-01,Pharmacy Hot,I ‘ 8uys I I ~ Va1id a/2a/ea = 9/9/24 I ° ° I Wi1d,,,,,February 24th through March 3rd,,https://www.costcoinsider.com/wp-content/uploads/2024/02/Costco-February-2024-Hot-Buys-Coupons-Page-5-635x317.jpg
2025-05-14 12:31:53.071,Costco April 2024 Hot Buys Coupons,2024-04-01,Ic,P0$ 0IN$IO8RO,,,,,April 1st through April 9th,,https://www.costcoinsider.com/wp-content/themes/Selin5.4/images/Costco-Insider4.png
2025-05-14 12:31:56.115,Costco April 2024 Hot Buys Coupons,2024-04-01,Anic Raw,I0R6 K0M8LCHA' R88 apy . pas) ‘ Warehousis 0n1y \ ,,,,In-Warehouse,April 1st through April 9th,,https://www.costcoinsider.com/wp-content/uploads/2024/04/Costco-April-2024-Hot-Buys-Page-1-635x640.jpg
2025-05-14 12:31:57.612,Costco April 2024 Hot Buys Coupons,2024-04-01,Is,"S9 After $4 0FF: usr, 888FU8RKY) = W s 8ans "" 0n1y",,,,In-Warehouse,April 1st through April 9th,$22.99,https://www.costcoinsider.com/wp-content/uploads/2024/04/Costco-April-2024-Hot-Buys-Page-2-635x664.jpg
2025-05-14 12:31:59.331,Costco April 2024 Hot Buys Coupons,2024-04-01,In-Warehouse,0n1ine Iide’ Pius Oowny H8 Liquid Laund1y Oetergen,,,,In-Warehouse,April 1st through April 9th,$3.60,https://www.costcoinsider.com/wp-content/uploads/2024/04/Costco-April-2024-Hot-Buys-Page-3-635x684.jpg
2025-05-14 12:32:01.219,Costco April 2024 Hot Buys Coupons,2024-04-01,Eamtess Corntort,"8ra’ 2pke LiAII8: $1écton vatoe$yincatos, I $I4.89",,,,In-Warehouse,April 1st through April 9th,$32.99,https://www.costcoinsider.com/wp-content/uploads/2024/04/Costco-April-2024-Hot-Buys-Page-4-635x667.jpg
2025-05-14 12:32:07.889,Costco May 2024 Hot Buys Coupons,2024-05-01,Ic,P0$ 0IN$IO8RO,,,,,Unknown,,https://www.costcoinsider.com/wp-content/themes/Selin5.4/images/Costco-Insider4.png
2025-05-14 12:32:10.758,Costco May 2024 Hot Buys Coupons,2024-05-01,Charmin,"0n1y. {Conventiona1 81ueberries; I8.02, ' ° UIMII ",,,,In-Warehouse,Unknown,$4.99,https://www.costcoinsider.com/wp-content/uploads/2024/05/Costco-May-2024-Hot-Buys-Coupons-Page-1-635x730.jpg
2025-05-14 12:32:13.263,Costco May 2024 Hot Buys Coupons,2024-05-01,War,hoiise 0n1y? N » In ehouse 0n1ine In ehouse 0n1ine,,,,In-Warehouse,Unknown,$23.09,https://www.costcoinsider.com/wp-content/uploads/2024/05/Costco-May-2024-Hot-Buys-Coupons-Page-2-635x690.jpg
2025-05-14 12:32:14.852,Costco May 2024 Hot Buys Coupons,2024-05-01,In,0n1 e. 2urd 8unch 0 8a11oons... Irop1ea1 Party Wat,,,,In-Warehouse,Unknown,,https://www.costcoinsider.com/wp-content/uploads/2024/05/Costco-May-2024-Hot-Buys-Coupons-Page-3-635x705.jpg
2025-05-14 12:32:17.358,Costco May 2024 Hot Buys Coupons,2024-05-01,In-Warehouse,0n1ine. A11er8ase 0rganic Cotton Iop A11ergy Prote,,,,In-Warehouse,Unknown,$0.09,https://www.costcoinsider.com/wp-content/uploads/2024/05/Costco-May-2024-Hot-Buys-Coupons-Page-4-635x672.jpg
2025-05-14 12:32:18.150,Costco May 2024 Hot Buys Coupons,2024-05-01,Rs,2 3 2z e § 2 @: 3 8w S 4 € s,,,,,Unknown,,https://www.costcoinsider.com/wp-content/uploads/2024/05/Costco-May-2024-Hot-Buys-Coupons-Page-5-635x291.jpg
2025-05-14 12:32:22.716,Costco June 2024 Hot Buys Coupons,2024-06-01,Ic,P0$ 0IN$IO8RO,,,,,Unknown,,https://www.costcoinsider.com/wp-content/themes/Selin5.4/images/Costco-Insider4.png
2025-05-14 12:32:25.511,Costco June 2024 Hot Buys Coupons,2024-06-01,Warehouse,"0n1ine Chanmin Uta $oft 8ath Iissue 2Ia $heets, 90",,,,In-Warehouse,Unknown,$29.99,https://www.costcoinsider.com/wp-content/uploads/2024/06/Costco-June-2024-Hot-Buys-Coupons-Page-1-635x670.jpg
2025-05-14 12:32:26.710,Costco June 2024 Hot Buys Coupons,2024-06-01,Warehouse,0n1y » 0n1ine Vegetab1e Irey vith Ranch Oip; i Kir,,,,In-Warehouse,Unknown,$24.99,https://www.costcoinsider.com/wp-content/uploads/2024/06/Costco-June-2024-Hot-Buys-Coupons-Page-2-635x664.jpg
2025-05-14 12:32:28.342,Costco June 2024 Hot Buys Coupons,2024-06-01,Pistachios,om aie Warehause. 0niine> i 0n1y . Phi1ips $onicar,,,,In-Warehouse,Unknown,$69.99,https://www.costcoinsider.com/wp-content/uploads/2024/06/Costco-June-2024-Hot-Buys-Coupons-Page-3-635x677.jpg
2025-05-14 12:32:29.890,Costco June 2024 Hot Buys Coupons,2024-06-01,Pe,"s In 0n1iia ‘ In 's 0ntine _; In 0n1ine, 8rita Cha",,,,In-Warehouse,Unknown,$24.99,https://www.costcoinsider.com/wp-content/uploads/2024/06/Costco-June-2024-Hot-Buys-Coupons-Page-4-635x561.jpg
2025-05-14 12:32:35.429,Costco July 2024 Hot Buys Coupons,2024-07-01,Ic,P0$ 0IN$IO8RO,,,,,Unknown,,https://www.costcoinsider.com/wp-content/themes/Selin5.4/images/Costco-Insider4.png
2025-05-14 12:32:39.253,Costco July 2024 Hot Buys Coupons,2024-07-01,Warehouse,"0n1y,, in 0n1ine Rad's Marinara $aiice ! { Oy$on V",,,,In-Warehouse,Unknown,$2.90,https://www.costcoinsider.com/wp-content/uploads/2024/07/Costco-July-2024-Hot-Buys-Coupons-Page-1-635x661.jpg
2025-05-14 12:32:40.864,Costco July 2024 Hot Buys Coupons,2024-07-01,Warehouse,"0n1irie Co1gate 0ptic White P1atinum, Ioothpaste“ ",,,,In-Warehouse,Unknown,,https://www.costcoinsider.com/wp-content/uploads/2024/07/Costco-July-2024-Hot-Buys-Coupons-Page-2-635x677.jpg
2025-05-14 12:32:43.196,Costco July 2024 Hot Buys Coupons,2024-07-01,War,house 0n1y . ‘$pindrift $park1ing Water Pink: Lemo,,,,In-Warehouse,Unknown,$3.70,https://www.costcoinsider.com/wp-content/uploads/2024/07/Costco-July-2024-Hot-Buys-Coupons-Page-3-635x636.jpg
2025-05-14 12:32:44.772,Costco July 2024 Hot Buys Coupons,2024-07-01,Kingsford,Professiona1 : Pure1ux 6a1 Memory Fearn’ $tarbucks,,,,,Unknown,,https://www.costcoinsider.com/wp-content/uploads/2024/07/Costco-July-2024-Hot-Buys-Coupons-Page-4-635x672.jpg
2025-05-14 12:32:46.623,Costco July 2024 Hot Buys Coupons,2024-07-01,Warehicuse,"on1y Ruff1e Is Potato Chips, 0rigina1 280% ($290 0",,,,In-Warehouse,Unknown,$79.99,https://www.costcoinsider.com/wp-content/uploads/2024/07/Costco-July-2024-Hot-Buys-Coupons-Page-5-635x631.jpg
2025-05-14 12:32:48.103,Costco July 2024 Hot Buys Coupons,2024-07-01,Wiih Costco,800K ? IRAV8L $IS0 8onus $hop 6ard =~ ‘8ookiby 7i2,,,,,Unknown,,https://www.costcoinsider.com/wp-content/uploads/2024/07/Costco-July-2024-Hot-Buys-Coupons-Page-6-635x658.jpg
2025-05-14 12:32:50.939,Costco August 2024 Hot Buys Coupons,2024-08-01,Ic,P0$ 0IN$IO8RO,,,,,Unknown,,https://www.costcoinsider.com/wp-content/themes/Selin5.4/images/Costco-Insider4.png
2025-05-14 12:32:52.714,Costco August 2024 Hot Buys Coupons,2024-08-01,In-Warehouse,0n1ine Kigénex LationI Upright Faéia1 UAI Ht satin,,,,In-Warehouse,Unknown,,https://www.costcoinsider.com/wp-content/uploads/2024/08/Costco-August-2024-Hot-Buys-Page-1-635x633.jpg
2025-05-14 12:32:54.288,Costco August 2024 Hot Buys Coupons,2024-08-01,Warehouse,0n1y 0n1y ' ; ‘and $ignature 8aguettes ie $iren Ch,,,,In-Warehouse,Unknown,$2.60,https://www.costcoinsider.com/wp-content/uploads/2024/08/Costco-August-2024-Hot-Buys-Page-2-635x661.jpg
2025-05-14 12:32:55.218,Costco August 2024 Hot Buys Coupons,2024-08-01,Ino,"s $moked Mozzare11a, Chicken $ausage; “a8oz, ‘$4.S",,,,In-Warehouse,Unknown,$278.99,https://www.costcoinsider.com/wp-content/uploads/2024/08/Costco-August-2024-Hot-Buys-Page-3-635x642.jpg
2025-05-14 12:32:56.183,Costco August 2024 Hot Buys Coupons,2024-08-01,Warehouse,"n , 0ntin ‘$quishma1iows I6 P1ush After $4 0FF. _ ",,,,In-Warehouse,Unknown,$7.89,https://www.costcoinsider.com/wp-content/uploads/2024/08/Costco-August-2024-Hot-Buys-Page-4-635x680.jpg
2025-05-14 12:32:57.987,Costco August 2024 Hot Buys Coupons,2024-08-01,Aaa,"8P8L, 8UII8R! I In 0n1ine: “ 4 In 0n1ine 32 Oegree",,,,In-Warehouse,Unknown,,https://www.costcoinsider.com/wp-content/uploads/2024/08/Costco-August-2024-Hot-Buys-Page-5-635x668.jpg
2025-05-14 12:33:16.169,Costco October 2024 Hot Buys Coupons,2024-10-01,Ic,P0$ 0IN$IO8RO,,,,,Unknown,,https://www.costcoinsider.com/wp-content/themes/Selin5.4/images/Costco-Insider4.png
2025-05-14 12:33:18.557,Costco October 2024 Hot Buys Coupons,2024-10-01,Iari,80M0RR0W. £I0/26/24)] I ose < IN WAR8H0U$8 Na1id I,,,,,Unknown,,https://www.costcoinsider.com/wp-content/uploads/2024/10/Costco-October-2024-Hot-Buys-Cover.jpg
2025-05-14 12:33:20.158,Costco October 2024 Hot Buys Coupons,2024-10-01,Cuisinart,"In Waréhouse 0n1irie: : Ii P1y Cad $tain1ess, s$te",,,,In-Warehouse,Unknown,$44.09,https://www.costcoinsider.com/wp-content/uploads/2024/10/Costco-October-2024-Hot-Buys-Page-2-635x663.jpg
2025-05-14 12:33:21.171,Costco October 2024 Hot Buys Coupons,2024-10-01,Ine,"0n1 , {A1ani Nu 8nergy Orink, Variety. Aiat1 Nu 8n",,,,,Unknown,,https://www.costcoinsider.com/wp-content/uploads/2024/10/Costco-October-2024-Hot-Buys-Page-3-635x647.jpg
2025-05-14 12:33:22.466,Costco October 2024 Hot Buys Coupons,2024-10-01,Lio,a] f08$I8R) $ 8R$Y) : 0n1y « 8ast 6oast $eafood Lo,,,,In-Warehouse,Unknown,$44.99,https://www.costcoinsider.com/wp-content/uploads/2024/10/Costco-October-2024-Hot-Buys-Page-4-635x671.jpg
2025-05-14 12:33:23.410,Costco October 2024 Hot Buys Coupons,2024-10-01,Warehouse,0niine : In 6itine. : Ouaker 0ats 01d Fashioned: j,,,,In-Warehouse,Unknown,$9.99,https://www.costcoinsider.com/wp-content/uploads/2024/10/Costco-October-2024-Hot-Buys-Page-5-635x658.jpg
2025-05-14 12:33:57.320,Costco January 2025 Hot Buys Coupons,2025-01-01,Ic,P0$ 0IN$IO8RO,,,,,Unknown,,https://www.costcoinsider.com/wp-content/themes/Selin5.4/images/Costco-Insider4.png
2025-05-14 12:33:59.974,Costco January 2025 Hot Buys Coupons,2025-01-01,Yer Ea,8 1 ora 204 eee Oest aad,,,,,Unknown,,https://www.costcoinsider.com/wp-content/uploads/2025/01/Costco-January-2025-Hot-Buys-Coupons-Page-1-635x303.jpg
2025-05-14 12:34:00.831,Costco January 2025 Hot Buys Coupons,2025-01-01,Ager Po Kvend,"owe nC e1d an, 8asen oe = Phteumiadar $3 0FF ta th",,,,,Unknown,,https://www.costcoinsider.com/wp-content/uploads/2025/01/Costco-January-2025-Hot-Buys-Coupons-Page-2-635x304.jpg
2025-05-14 12:34:02.958,Costco January 2025 Hot Buys Coupons,2025-01-01,Sqor Per,hiOrbinto sgedOrr rede he 0mi nds i? $$eeroanee a,,,,,Unknown,,https://www.costcoinsider.com/wp-content/uploads/2025/01/Costco-January-2025-Hot-Buys-Coupons-Page-3-635x304.jpg
2025-05-14 12:34:39.060,Costco April 2025 Hot Buys Coupons,2025-04-01,Ic,P0$ 0IN$IO8RO,,,,,Unknown,,https://www.costcoinsider.com/wp-content/themes/Selin5.4/images/Costco-Insider4.png
2025-05-14 12:34:41.584,Costco April 2025 Hot Buys Coupons,2025-04-01,Charmin,In 0n1ina; In 0n1ine ‘ titra $oft 8ath ‘Yaraistry ,,,,In-Warehouse,Unknown,$999.99,https://www.costcoinsider.com/wp-content/uploads/2025/03/Costco-April-2025-Hot-Buys-Coupons-Page-1-635x646.jpg
2025-05-14 12:34:42.095,Costco April 2025 Hot Buys Coupons,2025-04-01,Warehouse,0n1y jature 6ait After $I0 0FF. ‘iit I0 Price vi1e,,,Limit 2,In-Warehouse,Unknown,,https://www.costcoinsider.com/wp-content/uploads/2025/03/Costco-April-2025-Hot-Buys-Coupons-Page-2-635x631.jpg
2025-05-14 12:34:42.728,Costco April 2025 Hot Buys Coupons,2025-04-01,Anic Raw,F0R6 K0M8UCHA 68s 8e 8e) Wareho1ise 0n1y! “In 0n1i,,,,In-Warehouse,Unknown,$22.99,https://www.costcoinsider.com/wp-content/uploads/2025/03/Costco-April-2025-Hot-Buys-Coupons-Page-3-635x646.jpg
2025-05-14 12:34:44.284,Costco April 2025 Hot Buys Coupons,2025-04-01,In In,4 0n1 Warshouse 0n1ine. Nutramax Coséquin Joint ‘H,,,,In-Warehouse,Unknown,,https://www.costcoinsider.com/wp-content/uploads/2025/03/Costco-April-2025-Hot-Buys-Coupons-Page-4-635x602.jpg
2025-05-14 12:34:47.763,Costco May 2025 Hot Buys Coupons,2025-05-01,Ic,P0$ 0IN$IO8RO,,,,,Unknown,,https://www.costcoinsider.com/wp-content/themes/Selin5.4/images/Costco-Insider4.png
2025-05-14 12:34:48.626,Costco May 2025 Hot Buys Coupons,2025-05-01,Va,1id 4/28/2S S/II/2S,,,,,Unknown,,https://www.costcoinsider.com/wp-content/uploads/2025/04/Costco-May-2025-Hot-Buys-Coupons-Cover.jpg
2025-05-14 12:34:53.027,Costco May 2025 Hot Buys Coupons,2025-05-01,In,WAR8H0U$8 0NL 8 $4 0FF Aiiestver Youth 3 Piece $wi,,,,,Unknown,,https://www.costcoinsider.com/wp-content/uploads/2025/04/Costco-May-2025-Hot-Buys-Coupons-Page-3-635x246.jpg
